instance,broken_chars,minsep_ip,bt-maxsat,bin_ip,pbo
instances/ms_exp1_r_0.000000_0.phy,-1,7200.0,7200.0,7200.0,7200.0
instances/ms_exp1_r_0.000000_1.phy,0,6.58,18.28,7200.0,7200.0
instances/ms_exp1_r_0.000000_2.phy,0,13.88,42.7,7200.0,7200.0
instances/ms_exp1_r_0.000000_3.phy,0,206.93,383.67,7200.0,7200.0
instances/ms_exp1_r_0.000000_4.phy,0,3.89,6.99,7200.0,7200.0
instances/ms_exp1_r_0.000000_5.phy,0,6.05,10.19,7200.0,7200.0
instances/ms_exp1_r_0.000000_6.phy,0,497.0,665.23,7200.0,7200.0
instances/ms_exp1_r_0.000000_7.phy,0,874.05,864.05,7200.0,7200.0
instances/ms_exp1_r_0.000000_8.phy,0,249.83,413.44,7200.0,7200.0
instances/ms_exp1_r_0.000000_9.phy,0,49.19,265.46,7200.0,7200.0
instances/ms_exp1_r_0.000000_10.phy,0,7.88,14.6,7200.0,7200.0
instances/ms_exp1_r_0.000000_11.phy,0,50.99,123.04,7200.0,7200.0
instances/ms_exp1_r_0.000000_12.phy,0,12.23,53.45,7200.0,7200.0
instances/ms_exp1_r_0.000000_13.phy,0,10.69,35.41,7200.0,7200.0
instances/ms_exp1_r_0.000000_14.phy,0,913.16,1134.18,7200.0,7200.0
instances/ms_exp1_r_0.000000_15.phy,0,4.43,7.71,7200.0,7200.0
instances/ms_exp1_r_0.000000_16.phy,0,495.5,787.67,7200.0,7200.0
instances/ms_exp1_r_0.000000_17.phy,0,3.64,3.43,7200.0,7200.0
instances/ms_exp1_r_0.000000_18.phy,0,4.32,6.0,7200.0,7200.0
instances/ms_exp1_r_0.000000_19.phy,0,1.33,2.72,7200.0,7200.0
instances/ms_exp1_r_0.200000_0.phy,0,390.69,7200.0,7200.0,7200.0
instances/ms_exp1_r_0.200000_1.phy,15,46.65,115.89,214.97,7200.0
instances/ms_exp1_r_0.200000_2.phy,0,915.14,1358.96,7200.0,7200.0
instances/ms_exp1_r_0.200000_3.phy,25,76.56,103.87,7200.0,7200.0
instances/ms_exp1_r_0.200000_4.phy,0,1661.21,2024.14,7200.0,7200.0
instances/ms_exp1_r_0.200000_5.phy,7,7200.0,2239.05,7200.0,7200.0
instances/ms_exp1_r_0.200000_6.phy,0,3.45,2.74,7200.0,7200.0
instances/ms_exp1_r_0.200000_7.phy,0,3.38,2.95,7200.0,7200.0
instances/ms_exp1_r_0.200000_8.phy,0,15.46,71.17,7200.0,7200.0
instances/ms_exp1_r_0.200000_9.phy,0,5.47,11.07,7200.0,7200.0
instances/ms_exp1_r_0.200000_10.phy,0,170.02,128.88,7200.0,7200.0
instances/ms_exp1_r_0.200000_11.phy,26,7200.0,1481.6,7200.0,7200.0
instances/ms_exp1_r_0.200000_12.phy,1,235.02,354.45,7200.0,7200.0
instances/ms_exp1_r_0.200000_13.phy,0,3.16,2.51,7200.0,7200.0
instances/ms_exp1_r_0.200000_14.phy,0,5.03,7.6,7200.0,7200.0
instances/ms_exp1_r_0.200000_15.phy,10,7.95,20.24,7200.0,7200.0
instances/ms_exp1_r_0.200000_16.phy,0,11.5,24.13,7200.0,7200.0
instances/ms_exp1_r_0.200000_17.phy,0,1465.03,1871.36,7200.0,7200.0
instances/ms_exp1_r_0.200000_18.phy,0,26.73,72.02,7200.0,7200.0
instances/ms_exp1_r_0.200000_19.phy,5,71.22,244.83,7200.0,7200.0
instances/ms_exp1_r_0.400000_0.phy,1,439.91,432.49,7200.0,7200.0
instances/ms_exp1_r_0.400000_1.phy,60,798.66,278.62,7200.0,7200.0
instances/ms_exp1_r_0.400000_2.phy,0,92.48,175.31,7200.0,7200.0
instances/ms_exp1_r_0.400000_3.phy,0,92.19,162.48,7200.0,7200.0
instances/ms_exp1_r_0.400000_4.phy,0,4.43,7.23,7200.0,7200.0
instances/ms_exp1_r_0.400000_5.phy,0,12.33,56.96,7200.0,7200.0
instances/ms_exp1_r_0.400000_6.phy,0,3.38,3.15,7200.0,7200.0
instances/ms_exp1_r_0.400000_7.phy,3,285.98,6784.45,7200.0,7200.0
instances/ms_exp1_r_0.400000_8.phy,0,29.58,118.86,7200.0,7200.0
instances/ms_exp1_r_0.400000_9.phy,0,3.51,3.92,7200.0,7200.0
instances/ms_exp1_r_0.400000_10.phy,9,489.96,567.63,7200.0,7200.0
instances/ms_exp1_r_0.400000_11.phy,0,19.65,72.62,7200.0,7200.0
instances/ms_exp1_r_0.400000_12.phy,-1,7200.0,7200.0,7200.0,7200.0
instances/ms_exp1_r_0.400000_13.phy,0,22.17,32.31,7200.0,7200.0
instances/ms_exp1_r_0.400000_14.phy,0,15.99,61.38,7200.0,7200.0
instances/ms_exp1_r_0.400000_15.phy,1,2187.9,2149.42,7200.0,7200.0
instances/ms_exp1_r_0.400000_16.phy,23,29.8,44.33,7200.0,7200.0
instances/ms_exp1_r_0.400000_17.phy,0,4.25,5.8,7200.0,7200.0
instances/ms_exp1_r_0.400000_18.phy,17,7200.0,3414.11,7200.0,7200.0
instances/ms_exp1_r_0.400000_19.phy,0,6.32,11.68,7200.0,7200.0
instances/ms_exp1_r_0.600000_0.phy,5,2815.93,2889.7,7200.0,7200.0
instances/ms_exp1_r_0.600000_1.phy,6,6505.2,2799.89,7200.0,7200.0
instances/ms_exp1_r_0.600000_2.phy,26,24.22,52.71,7200.0,7200.0
instances/ms_exp1_r_0.600000_3.phy,-1,7200.0,7200.0,7200.0,7200.0
instances/ms_exp1_r_0.600000_4.phy,22,12.44,31.93,7200.0,7200.0
instances/ms_exp1_r_0.600000_5.phy,1,3.52,3.15,7200.0,7200.0
instances/ms_exp1_r_0.600000_6.phy,0,4.68,8.25,7200.0,7200.0
instances/ms_exp1_r_0.600000_7.phy,3,116.17,357.34,7200.0,7200.0
instances/ms_exp1_r_0.600000_8.phy,0,10.09,20.53,7200.0,7200.0
instances/ms_exp1_r_0.600000_9.phy,-1,7200.0,7200.0,7200.0,7200.0
instances/ms_exp1_r_0.600000_10.phy,-1,7200.0,7200.0,7200.0,7200.0
instances/ms_exp1_r_0.600000_11.phy,16,3.95,4.42,7200.0,7200.0
instances/ms_exp1_r_0.600000_12.phy,50,170.62,112.62,194.91,7200.0
instances/ms_exp1_r_0.600000_13.phy,-1,7200.0,7200.0,7200.0,7200.0
instances/ms_exp1_r_0.600000_14.phy,9,4364.35,2136.76,7200.0,7200.0
instances/ms_exp1_r_0.600000_15.phy,0,3.12,2.82,2718.72,7200.0
instances/ms_exp1_r_0.600000_16.phy,-1,7200.0,7200.0,7200.0,7200.0
instances/ms_exp1_r_0.600000_17.phy,14,5.95,11.17,7200.0,7200.0
instances/ms_exp1_r_0.600000_18.phy,6,5.7,9.78,7200.0,7200.0
instances/ms_exp1_r_0.600000_19.phy,-1,7200.0,7200.0,7200.0,7200.0
instances/ms_exp1_r_0.800000_0.phy,47,7200.0,4335.98,7200.0,7200.0
instances/ms_exp1_r_0.800000_1.phy,0,17.81,52.0,7200.0,7200.0
instances/ms_exp1_r_0.800000_2.phy,0,10.44,22.6,7200.0,7200.0
instances/ms_exp1_r_0.800000_3.phy,46,7200.0,2148.83,7200.0,7200.0
instances/ms_exp1_r_0.800000_4.phy,6,169.1,323.37,7200.0,7200.0
instances/ms_exp1_r_0.800000_5.phy,23,77.23,109.59,7200.0,7200.0
instances/ms_exp1_r_0.800000_6.phy,19,297.59,275.34,7200.0,7200.0
instances/ms_exp1_r_0.800000_7.phy,71,11.43,16.71,7200.0,7200.0
instances/ms_exp1_r_0.800000_8.phy,38,5118.79,1867.04,7200.0,7200.0
instances/ms_exp1_r_0.800000_9.phy,49,7200.0,1246.14,7200.0,7200.0
instances/ms_exp1_r_0.800000_10.phy,0,4.91,6.53,7200.0,7200.0
instances/ms_exp1_r_0.800000_11.phy,13,7200.0,1795.3,7200.0,7200.0
instances/ms_exp1_r_0.800000_12.phy,46,59.5,88.24,7200.0,7200.0
instances/ms_exp1_r_0.800000_13.phy,60,253.16,287.68,7200.0,7200.0
instances/ms_exp1_r_0.800000_14.phy,47,7200.0,3179.57,7200.0,7200.0
instances/ms_exp1_r_0.800000_15.phy,59,7200.0,914.98,7200.0,7200.0
instances/ms_exp1_r_0.800000_16.phy,48,264.11,207.07,7200.0,7200.0
instances/ms_exp1_r_0.800000_17.phy,54,7200.0,6889.7,7200.0,7200.0
instances/ms_exp1_r_0.800000_18.phy,-1,7200.0,7200.0,7200.0,7200.0
instances/ms_exp1_r_0.800000_19.phy,20,7.52,5682.45,7200.0,7200.0
instances/ms_exp1_r_1.000000_0.phy,4,3.92,4.13,7200.0,7200.0
instances/ms_exp1_r_1.000000_1.phy,29,3529.43,794.02,7200.0,7200.0
instances/ms_exp1_r_1.000000_2.phy,-1,7200.0,7200.0,7200.0,7200.0
instances/ms_exp1_r_1.000000_3.phy,-1,7200.0,7200.0,7200.0,7200.0
instances/ms_exp1_r_1.000000_4.phy,21,499.46,391.49,7200.0,7200.0
instances/ms_exp1_r_1.000000_5.phy,11,5.5,27.7,7200.0,7200.0
instances/ms_exp1_r_1.000000_6.phy,0,4.52,6.2,7200.0,7200.0
instances/ms_exp1_r_1.000000_7.phy,-1,7200.0,7200.0,7200.0,7200.0
instances/ms_exp1_r_1.000000_8.phy,5,20.94,53.1,7200.0,7200.0
instances/ms_exp1_r_1.000000_9.phy,-1,7200.0,7200.0,7200.0,7200.0
instances/ms_exp1_r_1.000000_10.phy,69,7200.0,2282.3,7200.0,7200.0
instances/ms_exp1_r_1.000000_11.phy,31,6.01,10.34,7200.0,7200.0
instances/ms_exp1_r_1.000000_12.phy,27,42.59,164.1,7200.0,7200.0
instances/ms_exp1_r_1.000000_13.phy,60,7200.0,1557.61,7200.0,7200.0
instances/ms_exp1_r_1.000000_14.phy,-1,7200.0,7200.0,7200.0,7200.0
instances/ms_exp1_r_1.000000_15.phy,30,3.46,3.53,7200.0,7200.0
instances/ms_exp1_r_1.000000_16.phy,0,51.49,66.3,7200.0,7200.0
instances/ms_exp1_r_1.000000_17.phy,25,1548.08,1411.96,7200.0,7200.0
instances/ms_exp1_r_1.000000_18.phy,26,757.65,145.96,7200.0,7200.0
instances/ms_exp1_r_1.000000_19.phy,-1,7200.0,7200.0,7200.0,7200.0
instances/ms_exp1_r_1.200000_0.phy,-1,7200.0,7200.0,7200.0,7200.0
instances/ms_exp1_r_1.200000_1.phy,24,15.03,21.1,7200.0,7200.0
instances/ms_exp1_r_1.200000_2.phy,66,7200.0,4345.72,7200.0,7200.0
instances/ms_exp1_r_1.200000_3.phy,0,3.74,5.15,7200.0,7200.0
instances/ms_exp1_r_1.200000_4.phy,-1,7200.0,7200.0,7200.0,7200.0
instances/ms_exp1_r_1.200000_5.phy,48,7200.0,4052.68,7200.0,7200.0
instances/ms_exp1_r_1.200000_6.phy,-1,7200.0,7200.0,7200.0,7200.0
instances/ms_exp1_r_1.200000_7.phy,-1,7200.0,7200.0,7200.0,7200.0
instances/ms_exp1_r_1.200000_8.phy,31,4.76,5.21,7200.0,7200.0
instances/ms_exp1_r_1.200000_9.phy,19,6.26,9.86,7200.0,7200.0
instances/ms_exp1_r_1.200000_10.phy,7,12.8,45.05,7200.0,7200.0
instances/ms_exp1_r_1.200000_11.phy,-1,7200.0,7200.0,7200.0,7200.0
instances/ms_exp1_r_1.200000_12.phy,8,41.55,108.71,7200.0,7200.0
instances/ms_exp1_r_1.200000_13.phy,0,141.83,299.81,7200.0,7200.0
instances/ms_exp1_r_1.200000_14.phy,47,510.57,125.75,492.75,7200.0
instances/ms_exp1_r_1.200000_15.phy,35,7200.0,2565.33,7200.0,7200.0
instances/ms_exp1_r_1.200000_16.phy,-1,7200.0,7200.0,7200.0,7200.0
instances/ms_exp1_r_1.200000_17.phy,-1,7200.0,7200.0,7200.0,7200.0
instances/ms_exp1_r_1.200000_18.phy,25,7200.0,5781.19,7200.0,7200.0
instances/ms_exp1_r_1.200000_19.phy,26,12.3,24.63,1789.63,7200.0
instances/ms_exp1_r_1.400000_0.phy,47,7200.0,1589.18,7200.0,7200.0
instances/ms_exp1_r_1.400000_1.phy,3,5.44,9.5,7200.0,7200.0
instances/ms_exp1_r_1.400000_2.phy,17,7200.0,6453.18,7200.0,7200.0
instances/ms_exp1_r_1.400000_3.phy,-1,7200.0,7200.0,7200.0,7200.0
instances/ms_exp1_r_1.400000_4.phy,26,7200.0,1507.75,1789.16,7200.0
instances/ms_exp1_r_1.400000_5.phy,10,6.54,7.6,7200.0,7200.0
instances/ms_exp1_r_1.400000_6.phy,-1,7200.0,7200.0,7200.0,7200.0
instances/ms_exp1_r_1.400000_7.phy,48,2502.48,693.55,7200.0,7200.0
instances/ms_exp1_r_1.400000_8.phy,0,4.85,8.97,7200.0,7200.0
instances/ms_exp1_r_1.400000_9.phy,-1,7200.0,7200.0,7200.0,7200.0
instances/ms_exp1_r_1.400000_10.phy,-1,7200.0,7200.0,7200.0,7200.0
instances/ms_exp1_r_1.400000_11.phy,-1,7200.0,7200.0,7200.0,7200.0
instances/ms_exp1_r_1.400000_12.phy,20,361.17,324.11,129.21,7200.0
instances/ms_exp1_r_1.400000_13.phy,67,7200.0,968.44,7200.0,7200.0
instances/ms_exp1_r_1.400000_14.phy,6,802.87,1057.65,7200.0,7200.0
instances/ms_exp1_r_1.400000_15.phy,8,45.29,93.34,7200.0,7200.0
instances/ms_exp1_r_1.400000_16.phy,7,118.58,282.07,7200.0,7200.0
instances/ms_exp1_r_1.400000_17.phy,20,1638.6,705.21,7200.0,7200.0
instances/ms_exp1_r_1.400000_18.phy,16,34.0,63.9,7200.0,7200.0
instances/ms_exp1_r_1.400000_19.phy,16,121.89,249.52,7200.0,7200.0
instances/ms_exp1_r_1.600000_0.phy,-1,7200.0,7200.0,7200.0,7200.0
instances/ms_exp1_r_1.600000_1.phy,28,44.59,113.99,7200.0,7200.0
instances/ms_exp1_r_1.600000_2.phy,87,7200.0,7200.0,595.69,7200.0
instances/ms_exp1_r_1.600000_3.phy,-1,7200.0,7200.0,7200.0,7200.0
instances/ms_exp1_r_1.600000_4.phy,-1,7200.0,7200.0,7200.0,7200.0
instances/ms_exp1_r_1.600000_5.phy,-1,7200.0,7200.0,7200.0,7200.0
instances/ms_exp1_r_1.600000_6.phy,-1,7200.0,7200.0,7200.0,7200.0
instances/ms_exp1_r_1.600000_7.phy,57,7200.0,7200.0,1067.7,7200.0
instances/ms_exp1_r_1.600000_8.phy,-1,7200.0,7200.0,7200.0,7200.0
instances/ms_exp1_r_1.600000_9.phy,46,934.68,743.27,7200.0,7200.0
instances/ms_exp1_r_1.600000_10.phy,-1,7200.0,7200.0,7200.0,7200.0
instances/ms_exp1_r_1.600000_11.phy,-1,7200.0,7200.0,7200.0,7200.0
instances/ms_exp1_r_1.600000_12.phy,-1,7200.0,7200.0,7200.0,7200.0
instances/ms_exp1_r_1.600000_13.phy,-1,7200.0,7200.0,7200.0,7200.0
instances/ms_exp1_r_1.600000_14.phy,-1,7200.0,7200.0,7200.0,7200.0
instances/ms_exp1_r_1.600000_15.phy,15,10.4,19.58,299.49,7200.0
instances/ms_exp1_r_1.600000_16.phy,-1,7200.0,7200.0,7200.0,7200.0
instances/ms_exp1_r_1.600000_17.phy,35,7200.0,2383.7,7200.0,7200.0
instances/ms_exp1_r_1.600000_18.phy,-1,7200.0,7200.0,7200.0,7200.0
instances/ms_exp1_r_1.600000_19.phy,34,7200.0,3412.29,7200.0,7200.0
instances/ms_exp1_r_1.800000_0.phy,-1,7200.0,7200.0,7200.0,7200.0
instances/ms_exp1_r_1.800000_1.phy,-1,7200.0,7200.0,7200.0,7200.0
instances/ms_exp1_r_1.800000_2.phy,-1,7200.0,7200.0,7200.0,7200.0
instances/ms_exp1_r_1.800000_3.phy,36,7200.0,3061.73,7200.0,7200.0
instances/ms_exp1_r_1.800000_4.phy,-1,7200.0,7200.0,7200.0,7200.0
instances/ms_exp1_r_1.800000_5.phy,-1,7200.0,7200.0,7200.0,7200.0
instances/ms_exp1_r_1.800000_6.phy,-1,7200.0,7200.0,7200.0,7200.0
instances/ms_exp1_r_1.800000_7.phy,12,241.9,418.99,7200.0,7200.0
instances/ms_exp1_r_1.800000_8.phy,68,352.38,167.35,7200.0,7200.0
instances/ms_exp1_r_1.800000_9.phy,18,105.87,227.83,7200.0,7200.0
instances/ms_exp1_r_1.800000_10.phy,-1,7200.0,7200.0,7200.0,7200.0
instances/ms_exp1_r_1.800000_11.phy,55,7200.0,7200.0,1974.64,7200.0
instances/ms_exp1_r_1.800000_12.phy,41,7200.0,1091.72,563.54,7200.0
instances/ms_exp1_r_1.800000_13.phy,-1,7200.0,7200.0,7200.0,7200.0
instances/ms_exp1_r_1.800000_14.phy,-1,7200.0,7200.0,7200.0,7200.0
instances/ms_exp1_r_1.800000_15.phy,-1,7200.0,7200.0,7200.0,7200.0
instances/ms_exp1_r_1.800000_16.phy,-1,7200.0,7200.0,7200.0,7200.0
instances/ms_exp1_r_1.800000_17.phy,73,7200.0,3347.07,7200.0,7200.0
instances/ms_exp1_r_1.800000_18.phy,61,489.07,172.21,7200.0,7200.0
instances/ms_exp1_r_1.800000_19.phy,85,1313.5,360.23,7200.0,7200.0
instances/ms_exp1_r_2.000000_0.phy,-1,7200.0,7200.0,7200.0,7200.0
instances/ms_exp1_r_2.000000_1.phy,-1,7200.0,7200.0,7200.0,7200.0
instances/ms_exp1_r_2.000000_2.phy,31,3936.97,959.59,7200.0,7200.0
instances/ms_exp1_r_2.000000_3.phy,-1,7200.0,7200.0,7200.0,7200.0
instances/ms_exp1_r_2.000000_4.phy,-1,7200.0,7200.0,7200.0,7200.0
instances/ms_exp1_r_2.000000_5.phy,-1,7200.0,7200.0,7200.0,7200.0
instances/ms_exp1_r_2.000000_6.phy,66,7200.0,3040.89,7200.0,7200.0
instances/ms_exp1_r_2.000000_7.phy,-1,7200.0,7200.0,7200.0,7200.0
instances/ms_exp1_r_2.000000_8.phy,-1,7200.0,7200.0,7200.0,7200.0
instances/ms_exp1_r_2.000000_9.phy,34,1856.0,632.44,7200.0,7200.0
instances/ms_exp1_r_2.000000_10.phy,-1,7200.0,7200.0,7200.0,7200.0
instances/ms_exp1_r_2.000000_11.phy,32,7200.0,1620.39,7200.0,7200.0
instances/ms_exp1_r_2.000000_12.phy,-1,7200.0,7200.0,7200.0,7200.0
instances/ms_exp1_r_2.000000_13.phy,-1,7200.0,7200.0,7200.0,7200.0
instances/ms_exp1_r_2.000000_14.phy,-1,7200.0,7200.0,7200.0,7200.0
instances/ms_exp1_r_2.000000_15.phy,-1,7200.0,7200.0,7200.0,7200.0
instances/ms_exp1_r_2.000000_16.phy,-1,7200.0,7200.0,7200.0,7200.0
instances/ms_exp1_r_2.000000_17.phy,68,7200.0,6511.82,7200.0,7200.0
instances/ms_exp1_r_2.000000_18.phy,-1,7200.0,7200.0,7200.0,7200.0
instances/ms_exp1_r_2.000000_19.phy,44,7200.0,1725.24,7200.0,7200.0
instances/ms_exp1_r_2.200000_0.phy,-1,7200.0,7200.0,7200.0,7200.0
instances/ms_exp1_r_2.200000_1.phy,-1,7200.0,7200.0,7200.0,7200.0
instances/ms_exp1_r_2.200000_2.phy,-1,7200.0,7200.0,7200.0,7200.0
instances/ms_exp1_r_2.200000_3.phy,-1,7200.0,7200.0,7200.0,7200.0
instances/ms_exp1_r_2.200000_4.phy,-1,7200.0,7200.0,7200.0,7200.0
instances/ms_exp1_r_2.200000_5.phy,-1,7200.0,7200.0,7200.0,7200.0
instances/ms_exp1_r_2.200000_6.phy,-1,7200.0,7200.0,7200.0,7200.0
instances/ms_exp1_r_2.200000_7.phy,-1,7200.0,7200.0,7200.0,7200.0
instances/ms_exp1_r_2.200000_8.phy,-1,7200.0,7200.0,7200.0,7200.0
instances/ms_exp1_r_2.200000_9.phy,9,89.19,203.65,7200.0,7200.0
instances/ms_exp1_r_2.200000_10.phy,-1,7200.0,7200.0,7200.0,7200.0
instances/ms_exp1_r_2.200000_11.phy,-1,7200.0,7200.0,7200.0,7200.0
instances/ms_exp1_r_2.200000_12.phy,-1,7200.0,7200.0,7200.0,7200.0
instances/ms_exp1_r_2.200000_13.phy,-1,7200.0,7200.0,7200.0,7200.0
instances/ms_exp1_r_2.200000_14.phy,-1,7200.0,7200.0,7200.0,7200.0
instances/ms_exp1_r_2.200000_15.phy,97,7200.0,6285.57,1954.34,7200.0
instances/ms_exp1_r_2.200000_16.phy,-1,7200.0,7200.0,7200.0,7200.0
instances/ms_exp1_r_2.200000_17.phy,68,4108.5,836.17,7200.0,7200.0
instances/ms_exp1_r_2.200000_18.phy,90,7200.0,7200.0,3528.07,7200.0
instances/ms_exp1_r_2.200000_19.phy,-1,7200.0,7200.0,7200.0,7200.0
instances/ms_exp1_r_2.400000_0.phy,-1,7200.0,7200.0,7200.0,7200.0
instances/ms_exp1_r_2.400000_1.phy,-1,7200.0,7200.0,7200.0,7200.0
instances/ms_exp1_r_2.400000_2.phy,-1,7200.0,7200.0,7200.0,7200.0
instances/ms_exp1_r_2.400000_3.phy,-1,7200.0,7200.0,7200.0,7200.0
instances/ms_exp1_r_2.400000_4.phy,-1,7200.0,7200.0,7200.0,7200.0
instances/ms_exp1_r_2.400000_5.phy,-1,7200.0,7200.0,7200.0,7200.0
instances/ms_exp1_r_2.400000_6.phy,-1,7200.0,7200.0,7200.0,7200.0
instances/ms_exp1_r_2.400000_7.phy,48,7200.0,1568.76,7200.0,7200.0
instances/ms_exp1_r_2.400000_8.phy,51,7200.0,4871.59,7200.0,7200.0
instances/ms_exp1_r_2.400000_9.phy,77,6169.43,1262.29,7200.0,7200.0
instances/ms_exp1_r_2.400000_10.phy,-1,7200.0,7200.0,7200.0,7200.0
instances/ms_exp1_r_2.400000_11.phy,-1,7200.0,7200.0,7200.0,7200.0
instances/ms_exp1_r_2.400000_12.phy,-1,7200.0,7200.0,7200.0,7200.0
instances/ms_exp1_r_2.400000_13.phy,47,718.99,207.29,7200.0,7200.0
instances/ms_exp1_r_2.400000_14.phy,62,1880.02,627.36,7200.0,7200.0
instances/ms_exp1_r_2.400000_15.phy,-1,7200.0,7200.0,7200.0,7200.0
instances/ms_exp1_r_2.400000_16.phy,106,7200.0,5455.74,7200.0,7200.0
instances/ms_exp1_r_2.400000_17.phy,-1,7200.0,7200.0,7200.0,7200.0
instances/ms_exp1_r_2.400000_18.phy,-1,7200.0,7200.0,7200.0,7200.0
instances/ms_exp1_r_2.400000_19.phy,-1,7200.0,7200.0,7200.0,7200.0
instances/ms_exp1_r_2.600000_0.phy,13,81.59,116.82,7200.0,7200.0
instances/ms_exp1_r_2.600000_1.phy,-1,7200.0,7200.0,7200.0,7200.0
instances/ms_exp1_r_2.600000_2.phy,32,4491.82,873.36,7200.0,7200.0
instances/ms_exp1_r_2.600000_3.phy,-1,7200.0,7200.0,7200.0,7200.0
instances/ms_exp1_r_2.600000_4.phy,-1,7200.0,7200.0,7200.0,7200.0
instances/ms_exp1_r_2.600000_5.phy,-1,7200.0,7200.0,7200.0,7200.0
instances/ms_exp1_r_2.600000_6.phy,-1,7200.0,7200.0,7200.0,7200.0
instances/ms_exp1_r_2.600000_7.phy,-1,7200.0,7200.0,7200.0,7200.0
instances/ms_exp1_r_2.600000_8.phy,-1,7200.0,7200.0,7200.0,7200.0
instances/ms_exp1_r_2.600000_9.phy,74,7200.0,878.56,7200.0,7200.0
instances/ms_exp1_r_2.600000_10.phy,-1,7200.0,7200.0,7200.0,7200.0
instances/ms_exp1_r_2.600000_11.phy,-1,7200.0,7200.0,7200.0,7200.0
instances/ms_exp1_r_2.600000_12.phy,-1,7200.0,7200.0,7200.0,7200.0
instances/ms_exp1_r_2.600000_13.phy,20,20.7,61.45,7200.0,7200.0
instances/ms_exp1_r_2.600000_14.phy,30,62.44,96.29,7200.0,7200.0
instances/ms_exp1_r_2.600000_15.phy,-1,7200.0,7200.0,7200.0,7200.0
instances/ms_exp1_r_2.600000_16.phy,-1,7200.0,7200.0,7200.0,7200.0
instances/ms_exp1_r_2.600000_17.phy,-1,7200.0,7200.0,7200.0,7200.0
instances/ms_exp1_r_2.600000_18.phy,-1,7200.0,7200.0,7200.0,7200.0
instances/ms_exp1_r_2.600000_19.phy,-1,7200.0,7200.0,7200.0,7200.0
instances/ms_exp1_r_2.800000_0.phy,-1,7200.0,7200.0,7200.0,7200.0
instances/ms_exp1_r_2.800000_1.phy,-1,7200.0,7200.0,7200.0,7200.0
instances/ms_exp1_r_2.800000_2.phy,-1,7200.0,7200.0,7200.0,7200.0
instances/ms_exp1_r_2.800000_3.phy,-1,7200.0,7200.0,7200.0,7200.0
instances/ms_exp1_r_2.800000_4.phy,-1,7200.0,7200.0,7200.0,7200.0
instances/ms_exp1_r_2.800000_5.phy,-1,7200.0,7200.0,7200.0,7200.0
instances/ms_exp1_r_2.800000_6.phy,-1,7200.0,7200.0,7200.0,7200.0
instances/ms_exp1_r_2.800000_7.phy,-1,7200.0,7200.0,7200.0,7200.0
instances/ms_exp1_r_2.800000_8.phy,-1,7200.0,7200.0,7200.0,7200.0
instances/ms_exp1_r_2.800000_9.phy,-1,7200.0,7200.0,7200.0,7200.0
instances/ms_exp1_r_2.800000_10.phy,-1,7200.0,7200.0,7200.0,7200.0
instances/ms_exp1_r_2.800000_11.phy,-1,7200.0,7200.0,7200.0,7200.0
instances/ms_exp1_r_2.800000_12.phy,-1,7200.0,7200.0,7200.0,7200.0
instances/ms_exp1_r_2.800000_13.phy,-1,7200.0,7200.0,7200.0,7200.0
instances/ms_exp1_r_2.800000_14.phy,-1,7200.0,7200.0,7200.0,7200.0
instances/ms_exp1_r_2.800000_15.phy,-1,7200.0,7200.0,7200.0,7200.0
instances/ms_exp1_r_2.800000_16.phy,-1,7200.0,7200.0,7200.0,7200.0
instances/ms_exp1_r_2.800000_17.phy,-1,7200.0,7200.0,7200.0,7200.0
instances/ms_exp1_r_2.800000_18.phy,-1,7200.0,7200.0,7200.0,7200.0
instances/ms_exp1_r_2.800000_19.phy,-1,7200.0,7200.0,7200.0,7200.0
instances/ms_exp1_r_3.000000_0.phy,43,358.29,382.97,7200.0,7200.0
instances/ms_exp1_r_3.000000_1.phy,-1,7200.0,7200.0,7200.0,7200.0
instances/ms_exp1_r_3.000000_2.phy,-1,7200.0,7200.0,7200.0,7200.0
instances/ms_exp1_r_3.000000_3.phy,53,7200.0,885.33,2639.62,7200.0
instances/ms_exp1_r_3.000000_4.phy,-1,7200.0,7200.0,7200.0,7200.0
instances/ms_exp1_r_3.000000_5.phy,-1,7200.0,7200.0,7200.0,7200.0
instances/ms_exp1_r_3.000000_6.phy,-1,7200.0,7200.0,7200.0,7200.0
instances/ms_exp1_r_3.000000_7.phy,-1,7200.0,7200.0,7200.0,7200.0
instances/ms_exp1_r_3.000000_8.phy,101,7200.0,7200.0,868.19,7200.0
instances/ms_exp1_r_3.000000_9.phy,-1,7200.0,7200.0,7200.0,7200.0
instances/ms_exp1_r_3.000000_10.phy,-1,7200.0,7200.0,7200.0,7200.0
instances/ms_exp1_r_3.000000_11.phy,-1,7200.0,7200.0,7200.0,7200.0
instances/ms_exp1_r_3.000000_12.phy,-1,7200.0,7200.0,7200.0,7200.0
instances/ms_exp1_r_3.000000_13.phy,-1,7200.0,7200.0,7200.0,7200.0
instances/ms_exp1_r_3.000000_14.phy,-1,7200.0,7200.0,7200.0,7200.0
instances/ms_exp1_r_3.000000_15.phy,27,1726.91,810.82,7200.0,7200.0
instances/ms_exp1_r_3.000000_16.phy,-1,7200.0,7200.0,7200.0,7200.0
instances/ms_exp1_r_3.000000_17.phy,21,4.8,8.24,7200.0,7200.0
instances/ms_exp1_r_3.000000_18.phy,-1,7200.0,7200.0,7200.0,7200.0
instances/ms_exp1_r_3.000000_19.phy,-1,7200.0,7200.0,7200.0,7200.0
instances/ms_exp1_r_3.200000_0.phy,-1,7200.0,7200.0,7200.0,7200.0
instances/ms_exp1_r_3.200000_1.phy,-1,7200.0,7200.0,7200.0,7200.0
instances/ms_exp1_r_3.200000_2.phy,-1,7200.0,7200.0,7200.0,7200.0
instances/ms_exp1_r_3.200000_3.phy,-1,7200.0,7200.0,7200.0,7200.0
instances/ms_exp1_r_3.200000_4.phy,-1,7200.0,7200.0,7200.0,7200.0
instances/ms_exp1_r_3.200000_5.phy,81,7200.0,1296.64,7200.0,7200.0
instances/ms_exp1_r_3.200000_6.phy,-1,7200.0,7200.0,7200.0,7200.0
instances/ms_exp1_r_3.200000_7.phy,-1,7200.0,7200.0,7200.0,7200.0
instances/ms_exp1_r_3.200000_8.phy,43,7200.0,1136.81,7200.0,7200.0
instances/ms_exp1_r_3.200000_9.phy,48,7200.0,1982.29,7200.0,7200.0
instances/ms_exp1_r_3.200000_10.phy,-1,7200.0,7200.0,7200.0,7200.0
instances/ms_exp1_r_3.200000_11.phy,-1,7200.0,7200.0,7200.0,7200.0
instances/ms_exp1_r_3.200000_12.phy,-1,7200.0,7200.0,7200.0,7200.0
instances/ms_exp1_r_3.200000_13.phy,-1,7200.0,7200.0,7200.0,7200.0
instances/ms_exp1_r_3.200000_14.phy,-1,7200.0,7200.0,7200.0,7200.0
instances/ms_exp1_r_3.200000_15.phy,-1,7200.0,7200.0,7200.0,7200.0
instances/ms_exp1_r_3.200000_16.phy,-1,7200.0,7200.0,7200.0,7200.0
instances/ms_exp1_r_3.200000_17.phy,-1,7200.0,7200.0,7200.0,7200.0
instances/ms_exp1_r_3.200000_18.phy,-1,7200.0,7200.0,7200.0,7200.0
instances/ms_exp1_r_3.200000_19.phy,-1,7200.0,7200.0,7200.0,7200.0
instances/ms_exp1_r_3.400000_0.phy,-1,7200.0,7200.0,7200.0,7200.0
instances/ms_exp1_r_3.400000_1.phy,-1,7200.0,7200.0,7200.0,7200.0
instances/ms_exp1_r_3.400000_2.phy,-1,7200.0,7200.0,7200.0,7200.0
instances/ms_exp1_r_3.400000_3.phy,-1,7200.0,7200.0,7200.0,7200.0
instances/ms_exp1_r_3.400000_4.phy,-1,7200.0,7200.0,7200.0,7200.0
instances/ms_exp1_r_3.400000_5.phy,-1,7200.0,7200.0,7200.0,7200.0
instances/ms_exp1_r_3.400000_6.phy,-1,7200.0,7200.0,7200.0,7200.0
instances/ms_exp1_r_3.400000_7.phy,-1,7200.0,7200.0,7200.0,7200.0
instances/ms_exp1_r_3.400000_8.phy,54,7200.0,2918.43,7200.0,7200.0
instances/ms_exp1_r_3.400000_9.phy,-1,7200.0,7200.0,7200.0,7200.0
instances/ms_exp1_r_3.400000_10.phy,-1,7200.0,7200.0,7200.0,7200.0
instances/ms_exp1_r_3.400000_11.phy,-1,7200.0,7200.0,7200.0,7200.0
instances/ms_exp1_r_3.400000_12.phy,-1,7200.0,7200.0,7200.0,7200.0
instances/ms_exp1_r_3.400000_13.phy,-1,7200.0,7200.0,7200.0,7200.0
instances/ms_exp1_r_3.400000_14.phy,-1,7200.0,7200.0,7200.0,7200.0
instances/ms_exp1_r_3.400000_15.phy,62,7200.0,2844.36,7200.0,7200.0
instances/ms_exp1_r_3.400000_16.phy,-1,7200.0,7200.0,7200.0,7200.0
instances/ms_exp1_r_3.400000_17.phy,-1,7200.0,7200.0,7200.0,7200.0
instances/ms_exp1_r_3.400000_18.phy,-1,7200.0,7200.0,7200.0,7200.0
instances/ms_exp1_r_3.400000_19.phy,-1,7200.0,7200.0,7200.0,7200.0
instances/ms_exp1_r_3.600000_0.phy,-1,7200.0,7200.0,7200.0,7200.0
instances/ms_exp1_r_3.600000_1.phy,-1,7200.0,7200.0,7200.0,7200.0
instances/ms_exp1_r_3.600000_2.phy,-1,7200.0,7200.0,7200.0,7200.0
instances/ms_exp1_r_3.600000_3.phy,113,7200.0,7200.0,1606.09,7200.0
instances/ms_exp1_r_3.600000_4.phy,-1,7200.0,7200.0,7200.0,7200.0
instances/ms_exp1_r_3.600000_5.phy,-1,7200.0,7200.0,7200.0,7200.0
instances/ms_exp1_r_3.600000_6.phy,-1,7200.0,7200.0,7200.0,7200.0
instances/ms_exp1_r_3.600000_7.phy,-1,7200.0,7200.0,7200.0,7200.0
instances/ms_exp1_r_3.600000_8.phy,-1,7200.0,7200.0,7200.0,7200.0
instances/ms_exp1_r_3.600000_9.phy,-1,7200.0,7200.0,7200.0,7200.0
instances/ms_exp1_r_3.600000_10.phy,84,7200.0,7200.0,2393.69,7200.0
instances/ms_exp1_r_3.600000_11.phy,-1,7200.0,7200.0,7200.0,7200.0
instances/ms_exp1_r_3.600000_12.phy,-1,7200.0,7200.0,7200.0,7200.0
instances/ms_exp1_r_3.600000_13.phy,-1,7200.0,7200.0,7200.0,7200.0
instances/ms_exp1_r_3.600000_14.phy,74,7200.0,4803.85,7200.0,7200.0
instances/ms_exp1_r_3.600000_15.phy,-1,7200.0,7200.0,7200.0,7200.0
instances/ms_exp1_r_3.600000_16.phy,-1,7200.0,7200.0,7200.0,7200.0
instances/ms_exp1_r_3.600000_17.phy,111,7200.0,7200.0,1533.08,7200.0
instances/ms_exp1_r_3.600000_18.phy,-1,7200.0,7200.0,7200.0,7200.0
instances/ms_exp1_r_3.600000_19.phy,-1,7200.0,7200.0,7200.0,7200.0
instances/ms_exp1_r_3.800000_0.phy,-1,7200.0,7200.0,7200.0,7200.0
instances/ms_exp1_r_3.800000_1.phy,-1,7200.0,7200.0,7200.0,7200.0
instances/ms_exp1_r_3.800000_2.phy,5,2009.21,1121.76,7200.0,7200.0
instances/ms_exp1_r_3.800000_3.phy,73,7200.0,7200.0,667.62,7200.0
instances/ms_exp1_r_3.800000_4.phy,-1,7200.0,7200.0,7200.0,7200.0
instances/ms_exp1_r_3.800000_5.phy,-1,7200.0,7200.0,7200.0,7200.0
instances/ms_exp1_r_3.800000_6.phy,-1,7200.0,7200.0,7200.0,7200.0
instances/ms_exp1_r_3.800000_7.phy,-1,7200.0,7200.0,7200.0,7200.0
instances/ms_exp1_r_3.800000_8.phy,-1,7200.0,7200.0,7200.0,7200.0
instances/ms_exp1_r_3.800000_9.phy,-1,7200.0,7200.0,7200.0,7200.0
instances/ms_exp1_r_3.800000_10.phy,-1,7200.0,7200.0,7200.0,7200.0
instances/ms_exp1_r_3.800000_11.phy,-1,7200.0,7200.0,7200.0,7200.0
instances/ms_exp1_r_3.800000_12.phy,-1,7200.0,7200.0,7200.0,7200.0
instances/ms_exp1_r_3.800000_13.phy,-1,7200.0,7200.0,7200.0,7200.0
instances/ms_exp1_r_3.800000_14.phy,-1,7200.0,7200.0,7200.0,7200.0
instances/ms_exp1_r_3.800000_15.phy,-1,7200.0,7200.0,7200.0,7200.0
instances/ms_exp1_r_3.800000_16.phy,-1,7200.0,7200.0,7200.0,7200.0
instances/ms_exp1_r_3.800000_17.phy,-1,7200.0,7200.0,7200.0,7200.0
instances/ms_exp1_r_3.800000_18.phy,-1,7200.0,7200.0,7200.0,7200.0
instances/ms_exp1_r_3.800000_19.phy,91,2658.85,988.31,7200.0,7200.0
totals,-,137,177,20,0
